[{"type":"facebook","title":"FB title1","link":"http:\/\/www.google.com\/FB1","date":"04 March 2011"},{"type":"youtube","title":"Youtube title1","link":"http:\/\/www.google.com\/YT1","date":"04 March 2011"},{"type":"twitter","title":"Twitter title1","link":"http:\/\/www.google.com\/Twitter1","date":"04 March 2011"},{"type":"blogs","title":"Blogs title1","link":"http:\/\/www.google.com\/Blogs1","date":"04 March 2011"},{"type":"facebook","title":"FB title2","link":"http:\/\/www.google.com\/FB2","date":"04 March 2011"},{"type":"youtube","title":"Youtube title2","link":"http:\/\/www.google.com\/YT2","date":"04 March 2011"},{"type":"twitter","title":"Twitter title2","link":"http:\/\/www.google.com\/Twitter2","date":"04 March 2011"},{"type":"blogs","title":"Blogs title2","link":"http:\/\/www.google.com\/Blogs2","date":"04 March 2011"},{"type":"twitter","title":"Twitter title3","link":"http:\/\/www.google.com\/Twitter3","date":"04 March 2011"},{"type":"blogs","title":"Blogs title3","link":"http:\/\/www.google.com\/Blogs3","date":"04 March 2011"},{"type":"facebook","title":"FB title4","link":"http:\/\/www.google.com\/FB4","date":"04 March 2011"},{"type":"youtube","title":"Youtube title4","link":"http:\/\/www.google.com\/YT1","date":"04 March 2011"},{"type":"twitter","title":"Twitter title4","link":"http:\/\/www.google.com\/Twitter4","date":"04 March 2011"},{"type":"blogs","title":"Blogs title4","link":"http:\/\/www.google.com\/Blogs4","date":"04 March 2011"}]